Workbook

Sheet ⚙ Configuración Sprint 1
B1: 🏃 Configuración del Sprint
B2: Completa estos datos antes de comenzar el sprint
B3: 📋 Datos del Sprint
B4: Nombre del proyecto | C4: PubTube | D4: Ej: PubTube
B5: Número de sprint | C5: 1 | D5: Ej: 1, 2, 3...
B6: Equipo / Módulo | C6: Equipo D — M4 Panel/Gateway | D6: Ej: Equipo A
B7: Fecha de inicio | C7: 46265 | D7: DD/MM/AAAA
B8: Fecha de cierre (Review) | C8: 46282 | D8: DD/MM/AAAA
B9: Duración (sesiones Lun/Jue) | C9: 6 | D9: Sesiones de trabajo
B10: Story Points comprometidos (total) | C10: ='📋 Sprint 1 Backlog'!E14 -> 15 | D10: SP del Sprint Backlog
B11: Velocidad sprint anterior | C11: 0 | D11: SP completados sprint previo
B12: Número de integrantes | C12: 6 | D12: Personas en el equipo
B13: 🎯 Definition of Done (DoD)
B14: ✔ Código revisado por al menos un par (Code Review)
B15: ✔ Pruebas unitarias/integración escritas y pasando (cobertura ≥ 70%)
B16: ✔ Contrato actualizado (OpenAPI + catálogo de eventos) si cambió una interfaz
B17: ✔ Sin errores críticos en la integración con otros módulos
B18: ✔ Desplegable con docker compose y demostrable en el Review
B19: 📌 Notas del Sprint
B20: - Impedimentos con los modulos 1 y 3 - Se solicito implementacion de autentificacion con el modulo 3 pero no se pudo concretar por ambiguedades y falta de entrega en las fechas acordadas - Se solicito implementacion de funcionalidades con el modulo 1 pero por falta de la fecha acordada y acceso al repositorio no se pudo concretar - El desarrollo en este sprint fue mas lento de lo esperado por falta de miembros del equipo pero no fue perjudial ya que no se pudo solventar los impedimientos.

Sheet 📋 Sprint 1 Backlog
B1: 📋 Sprint 1 Backlog
B2: Agrega/edita las User Stories del sprint. 'SP Completados' y 'Estado' se actualizan durante el sprint.
B3: ID | C3: User Story / Tarea | D3: Responsable | E3: SP Estimados | F3: SP Completados | G3: Estado | H3: Prioridad
B4: US-D1-1 | C4: Configurar gateway/BFF (Nginx/Traefik o servicio propio) | D4: Sebastian Sandoval | E4: 2 | F4: 2 | G4: ✅ Done | H4: Alta
B5: US-D1-2 | C5: Implementar validación JWT | D5: Bebel Bravo, Bastian Almonacid | E5: 2 | F5: 2 | G5: ✅ Done | H5: Alta
B6: US-D1-3 | C6: Rate limiting y enrutamiento por módulo | D6: Sebastian Sandoval | E6: 2 | F6: 2 | G6: ✅ Done | H6: Media
B7: US-D1-4 | C7: Pruebas de autenticación y ruteo | D7: Bastian Almonacid | E7: 2 | F7: 2 | G7: ✅ Done | H7: Media
B8: TECH-D1 | C8: Docker Compose base del stack completo | D8: Andres Alvarez | E8: 5 | F8: 5 | G8: ✅ Done | H8: Alta
B9: TECH-01 | C9: Repo Git: ROLES.md, README, .env.example, CI base | D9: Todos | E9: 2 | F9: 2 | G9: ✅ Done | H9: Alta
B14: TOTAL SP DEL SPRINT | E14: =SUM(E4:E13) -> 15 | F14: =SUM(F4:F13) -> 15 | G14: =IFERROR(F14/E14,0) -> 1

Sheet 📊 Métricas Sprint 1
B1: 📊 Métricas del Sprint
B2: Estas métricas se calculan automáticamente desde el Backlog y la Configuración
B3: 🎯 Progreso del Sprint
B4: SP comprometidos | C4: ='📋 Sprint 1 Backlog'!E14 -> 15 | D4: Total de SP del Sprint Backlog
B5: SP completados | C5: ='📋 Sprint 1 Backlog'!F14 -> 15 | D5: SP en estado Done hasta hoy
B6: SP restantes | C6: ='📋 Sprint 1 Backlog'!E14-'📋 Sprint 1 Backlog'!F14 -> 0 | D6: SP que aún deben completarse
B7: % completado | C7: =IFERROR('📋 Sprint 1 Backlog'!F14/'📋 Sprint 1 Backlog'!E14,0) -> 1 | D7: Avance real del sprint
B8: Historias Done | C8: =COUNTIF('📋 Sprint 1 Backlog'!G4:G13,"✅ Done") -> 6 | D8: Historias completadas
B9: Historias en progreso | C9: =COUNTIF('📋 Sprint 1 Backlog'!G4:G13,"🔄 In Progress") -> 0 | D9: En desarrollo activo
B10: ⚡ Velocidad y Predicción
B11: Velocidad sprint actual (real) | C11: ='📋 Sprint 1 Backlog'!F14 -> 15 | D11: SP completados en este sprint
B12: Velocidad sprint anterior | C12: ='⚙ Configuración Sprint 1'!C11 -> 0 | D12: SP completados en sprint previo
B13: Variación de velocidad | C13: ='📋 Sprint 1 Backlog'!F14-'⚙ Configuración Sprint 1'!C11 -> 15 | D13: Positivo = mejora respecto al anterior
B14: SP/persona/sprint | C14: =IFERROR('📋 Sprint 1 Backlog'!F14/'⚙ Configuración Sprint 1'!C12,0) -> 2.5 | D14: Productividad promedio del equipo
B15: SP/persona/sesión | C15: =IFERROR('📋 Sprint 1 Backlog'!F14/('⚙ Configuración Sprint 1'!C12*'⚙ Configuración Sprint 1'!C9),0) -> 0.41666667 | D15: Ritmo por sesión del equipo
B16: 🏥 Salud del Sprint
B17: Sesiones transcurridas | C17: 6 | D17: Actualizar manualmente cada sesión
B18: Sesiones restantes | C18: ='⚙ Configuración Sprint 1'!C9-C17 -> 0 | D18: Sesiones hasta el Sprint Review
B19: SP/sesión requerido | C19: =IF(C18<=0,"Sprint terminado",('📋 Sprint 1 Backlog'!E14-'📋 Sprint 1 Backlog'!F14)/C18) -> Sprint terminado | D19: Ritmo necesario para completar el sprint
B20: SP/sesión logrado | C20: =IF(C17=0,0,'📋 Sprint 1 Backlog'!F14/C17) -> 2.5 | D20: Ritmo real del equipo
B21: Índice de rendimiento (SPI) | C21: =IF(C17=0,1,C20/IFERROR(('⚙ Configuración Sprint 1'!C10/'⚙ Configuración Sprint 1'!C9),1)) -> 1 | D21: SPI >1 = adelantado | SPI <1 = atrasado
B22: Interpretación del SPI (Schedule Performance Index):
B23: SPI > 1.1 | C23: Equipo adelantado — considerar asumir trabajo extra (backlog stretch)
B24: SPI 0.9 – 1.1 | C24: Equipo dentro del ritmo esperado ✓
B25: SPI 0.7 – 0.9 | C25: Leve atraso — revisar impedimentos en la Daily
B26: SPI < 0.7 | C26: Atraso crítico — replanificar el sprint con el PO

Sheet ⚙ Configuración Sprint 2
B1: 🏃 Configuración del Sprint
B2: Completa estos datos antes de comenzar el sprint
B3: 📋 Datos del Sprint
B4: Nombre del proyecto | C4: PubTube | D4: Ej: PubTube
B5: Número de sprint | C5: 2 | D5: Ej: 1, 2, 3...
B6: Equipo / Módulo | C6: Equipo D — M4 Panel/Gateway | D6: Ej: Equipo A
B7: Fecha de inicio | C7: 46286 | D7: DD/MM/AAAA
B8: Fecha de cierre (Review) | C8: 46303 | D8: DD/MM/AAAA
B9: Duración (sesiones Lun/Jue) | C9: 5 | D9: Sesiones de trabajo
B10: Story Points comprometidos (total) | C10: ='📋 Sprint 2 Backlog'!E14 -> 13 | D10: SP del Sprint Backlog
B11: Velocidad sprint anterior | C11: 15 | D11: SP completados sprint previo
B12: Número de integrantes | C12: 6 | D12: Personas en el equipo
B13: 🎯 Definition of Done (DoD)
B14: ✔ Código revisado por al menos un par (Code Review)
B15: ✔ Pruebas unitarias/integración escritas y pasando (cobertura ≥ 70%)
B16: ✔ Contrato actualizado (OpenAPI + catálogo de eventos) si cambió una interfaz
B17: ✔ Sin errores críticos en la integración con otros módulos
B18: ✔ Desplegable con docker compose y demostrable en el Review
B19: 📌 Notas del Sprint
B20: - Impedimentos con los modulos 1 y 3 - Se solicito implementacion de autentificacion con el modulo 3 pero no se pudo concretar por ambiguedades y falta de entrega en las fechas acordadas - Se solicito implementacion de funcionalidades con el modulo 1 pero por falta de la fecha acordada y acceso al repositorio no se pudo concretar - El desarrollo en este sprint fue mas lento de lo esperado por falta de miembros del equipo pero no fue perjudial ya que no se pudo solventar los impedimientos.

Sheet 📋 Sprint 2 Backlog
B1: 📋 Sprint 2 Backlog
B2: Agrega/edita las User Stories del sprint. 'SP Completados' y 'Estado' se actualizan durante el sprint.
B3: ID | C3: User Story / Tarea | D3: Responsable | E3: SP Estimados | F3: SP Completados | G3: Estado | H3: Prioridad
B4: US-D7.T1 | C4: Logging estructurado y correlationId | D4: Vicente Salazar | E4: 2 | F4: 2 | G4: ✅ Done | H4: Alta
B5: US-D7.T2 | C5: Métricas Prometheus | D5: Ándres Álvarez | E5: 2 | F5: 2 | G5: ✅ Done | H5: Alta
B6: US-D7.T3 | C6: OpenTelemetry y propagación de contexto | D6: Vicente Salazar | E6: 2 | F6: 2 | G6: ✅ Done | H6: Alta
B7: US-D7.T4 | C7: Dashboards Grafana | D7: Ándres Álvarez | E7: 2 | F7: 2 | G7: ✅ Done | H7: Alta
B8: US-D5.T1 | C8: Agregación de estados de publicación | D8: Ándres Álvarez | E8: 2 | F8: 2 | G8: ✅ Done | H8: Alta
B9: US-D5.T2 | C9: UI del dashboard y filtros | D9: Vicente Salazar | E9: 1 | F9: 0.5 | G9: 🔄 In Progress | H9: Media
B10: US-D5.T3 | C10: Endpoint GET /api/dashboard | D10: Belen Bravo | E10: 1 | F10: 0.5 | G10: 🔄 In Progress | H10: Media
B11: US-D5.T4 | C11: Pruebas del dashboard | D11: Belen Bravo | E11: 1 | F11: 1 | G11: ✅ Done | H11: Media
B14: TOTAL SP DEL SPRINT | E14: =SUM(E4:E13) -> 13 | F14: =SUM(F4:F13) -> 12 | G14: =IFERROR(F14/E14,0) -> 0.92307692

Sheet 📊 Métricas Sprint 2
B1: 📊 Métricas del Sprint
B2: Estas métricas se calculan automáticamente desde el Backlog y la Configuración
B3: 🎯 Progreso del Sprint
B4: SP comprometidos | C4: ='📋 Sprint 2 Backlog'!E14 -> 13 | D4: Total de SP del Sprint Backlog
B5: SP completados | C5: ='📋 Sprint 2 Backlog'!F14 -> 12 | D5: SP en estado Done hasta hoy
B6: SP restantes | C6: ='📋 Sprint 2 Backlog'!E14-'📋 Sprint 2 Backlog'!F14 -> 1 | D6: SP que aún deben completarse
B7: % completado | C7: =IFERROR('📋 Sprint 2 Backlog'!F14/'📋 Sprint 2 Backlog'!E14,0) -> 0.92307692 | D7: Avance real del sprint
B8: Historias Done | C8: =COUNTIF('📋 Sprint 2 Backlog'!G4:G13,"✅ Done") -> 6 | D8: Historias completadas
B9: Historias en progreso | C9: =COUNTIF('📋 Sprint 2 Backlog'!G4:G13,"🔄 In Progress") -> 2 | D9: En desarrollo activo
B10: ⚡ Velocidad y Predicción
B11: Velocidad sprint actual (real) | C11: ='📋 Sprint 2 Backlog'!F14 -> 12 | D11: SP completados en este sprint
B12: Velocidad sprint anterior | C12: ='⚙ Configuración Sprint 2'!C11 -> 15 | D12: SP completados en sprint previo
B13: Variación de velocidad | C13: ='📋 Sprint 2 Backlog'!F14-'⚙ Configuración Sprint 2'!C11 -> -3 | D13: Positivo = mejora respecto al anterior
B14: SP/persona/sprint | C14: =IFERROR('📋 Sprint 2 Backlog'!F14/'⚙ Configuración Sprint 2'!C12,0) -> 2 | D14: Productividad promedio del equipo
B15: SP/persona/sesión | C15: =IFERROR('📋 Sprint 2 Backlog'!F14/('⚙ Configuración Sprint 2'!C12*'⚙ Configuración Sprint 2'!C9),0) -> 0.4 | D15: Ritmo por sesión del equipo
B16: 🏥 Salud del Sprint
B17: Sesiones transcurridas | C17: 5 | D17: Actualizar manualmente cada sesión
B18: Sesiones restantes | C18: ='⚙ Configuración Sprint 2'!C9-C17 -> 0 | D18: Sesiones hasta el Sprint Review
B19: SP/sesión requerido | C19: =IF(C18<=0,"Sprint terminado",('📋 Sprint 2 Backlog'!E14-'📋 Sprint 2 Backlog'!F14)/C18) -> Sprint terminado | D19: Ritmo necesario para completar el sprint
B20: SP/sesión logrado | C20: =IF(C17=0,0,'📋 Sprint 2 Backlog'!F14/C17) -> 2.4 | D20: Ritmo real del equipo
B21: Índice de rendimiento (SPI) | C21: =IF(C17=0,1,C20/IFERROR(('⚙ Configuración Sprint 2'!C10/'⚙ Configuración Sprint 2'!C9),1)) -> 0.92307692 | D21: SPI >1 = adelantado | SPI <1 = atrasado
B22: Interpretación del SPI (Schedule Performance Index):
B23: SPI > 1.1 | C23: Equipo adelantado — considerar asumir trabajo extra (backlog stretch)
B24: SPI 0.9 – 1.1 | C24: Equipo dentro del ritmo esperado ✓
B25: SPI 0.7 – 0.9 | C25: Leve atraso — revisar impedimentos en la Daily
B26: SPI < 0.7 | C26: Atraso crítico — replanificar el sprint con el PO

Sheet 📉 Burndown
C1: 📉 Burndown Chart — Seguimiento por Sesión (Lun/Jue)
C2: Actualiza 'SP Completados Hoy' al final de cada Daily (lunes y jueves).
B3: Sprint | C3: Sesión | D3: Fecha | E3: SP Restantes (Ideal) | F3: SP Completados Hoy | G3: SP Acumulados | H3: SP Restantes (Real)
B4: 1 | C4: 1 | D4: 31/08/26 | E4: ='⚙ Configuración Sprint 1'!$C$10*(6-C4)/5 -> 15 | F4: 5 | G4: =SUM($F$4:F4) -> 5 | H4: ='⚙ Configuración Sprint 1'!$C$10-G4 -> 10
B5: 1 | C5: 2 | D5: 03/09/26 | E5: ='⚙ Configuración Sprint 1'!$C$10*(6-C5)/5 -> 12 | F5: 6 | G5: =SUM($F$4:F5) -> 11 | H5: ='⚙ Configuración Sprint 1'!$C$10-G5 -> 4
B6: 1 | C6: 3 | D6: 07/09/26 | E6: ='⚙ Configuración Sprint 1'!$C$10*(6-C6)/5 -> 9 | F6: 4 | G6: =SUM($F$4:F6) -> 15 | H6: ='⚙ Configuración Sprint 1'!$C$10-G6 -> 0
B7: 1 | C7: 4 | D7: 10/09/26 | E7: ='⚙ Configuración Sprint 1'!$C$10*(6-C7)/5 -> 6 | F7: 0 | G7: =SUM($F$4:F7) -> 15 | H7: ='⚙ Configuración Sprint 1'!$C$10-G7 -> 0
B8: 1 | C8: 5 | D8: 14/09/26 | E8: ='⚙ Configuración Sprint 1'!$C$10*(6-C8)/5 -> 3 | F8: 0 | G8: =SUM($F$4:F8) -> 15 | H8: ='⚙ Configuración Sprint 1'!$C$10-G8 -> 0
B9: 1 | C9: 6 | D9: 17/09/26 | E9: ='⚙ Configuración Sprint 1'!$C$10*(6-C9)/5 -> 0 | F9: 0 | G9: =SUM($F$4:F9) -> 15 | H9: ='⚙ Configuración Sprint 1'!$C$10-G9 -> 0
B10: 2 | C10: 1 | D10: 21/09/26 | E10: ='⚙ Configuración Sprint 2'!$C$10*(5-C10)/4 -> 13 | F10: 0 | G10: =SUM($F$4:F10) -> 15 | H10: ='⚙ Configuración Sprint 2'!$C$10-(G10-G9) -> 13
B11: 2 | C11: 2 | D11: 46293 | E11: ='⚙ Configuración Sprint 2'!$C$10*(5-C11)/4 -> 9.75 | F11: 6 | G11: =SUM($F$4:F11) -> 21 | H11: ='⚙ Configuración Sprint 2'!$C$10-(G11-G9) -> 7
B12: 2 | C12: 3 | D12: 46296 | E12: ='⚙ Configuración Sprint 2'!$C$10*(5-C12)/4 -> 6.5 | F12: 0 | G12: =SUM($F$4:F12) -> 21 | H12: ='⚙ Configuración Sprint 2'!$C$10-(G12-G9) -> 7
B13: 2 | C13: 4 | D13: 46300 | E13: ='⚙ Configuración Sprint 2'!$C$10*(5-C13)/4 -> 3.25 | F13: 2 | G13: =SUM($F$4:F13) -> 23 | H13: ='⚙ Configuración Sprint 2'!$C$10-(G13-G9) -> 5
B14: 2 | C14: 5 | D14: 46303 | E14: ='⚙ Configuración Sprint 2'!$C$10*(5-C14)/4 -> 0 | F14: 3 | G14: =SUM($F$4:F14) -> 26 | H14: ='⚙ Configuración Sprint 2'!$C$10-(G14-G10) -> 2

Sheet 🔄 Retrospectiva Sprint 1
C1: 🔄 Retrospectiva del Sprint
C2: Completa al finalizar el Sprint Review (formato Keep / Drop / Try)
C3: ✅ KEEP — Lo que funcionó bien
C4: • Mantener el desarrollo en clase al nivel que se trabajo en este sprint
C5: • Comunicacion cuando falta algo
C8: ❌ DROP — Lo que hay que dejar de hacer
C13: 🚀 TRY — Lo que queremos intentar
C14: • Establecer mejor comunicacion con los modulos con documentos aun mas detallados para evitar ambiguedad (terminos especificos)
C18: 📌 Acciones Concretas para el Próximo Sprint
C19: Acción | D19: Responsable | E19: Fecha límite
C20: Tener las US de forma demostrable mediante la VPS | D20: Desarrolador de turno de la US | E20: 46244
C21: Tener mejor planificacion al presentar | D21: Todos | E21: 46244

Sheet 🔄 Retrospectiva Sprint 2
C1: 🔄 Retrospectiva del Sprint
C2: Completa al finalizar el Sprint Review (formato Keep / Drop / Try)
C3: ✅ KEEP — Lo que funcionó bien
C4: • Mantener el desarrollo en clase al nivel que se trabajo en este sprint
C5: • Comunicacion cuando falta algo
C8: ❌ DROP — Lo que hay que dejar de hacer
C13: 🚀 TRY — Lo que queremos intentar
C14: • Deberia existir unar version unica definitiva del proyecto entre los 4 modulos que sea accesible y utilizable en demostraciones
C15: • Evadir justificaciones de forma preventiva/anticipada a la falta de algo en presentación
C16: • Intentar mantener reuniones con otros modulos con algun nivel de regularidad (Si solo para evitar retrasos de deudas tecnicas)
C18: 📌 Acciones Concretas para el Próximo Sprint
C19: Acción | D19: Responsable | E19: Fecha límite
C20: Tener las US de forma demostrable mediante la VPS | D20: Desarrolador de turno de la US | E20: 46309
C21: Tener mejor planificacion al presentar | D21: Todos | E21: 46309
